konsumgruppe,2015M02,2015M03,2015M04,2015M05,2015M06,2015M07,2015M08,2015M09,2015M10,2015M11,2015M12,2016M01,2016M02,2016M03,2016M04,2016M05,2016M06,2016M07,2016M08,2016M09,2016M10,2016M11,2016M12,2017M01,2017M02,2017M03,2017M04,2017M05,2017M06,2017M07,2017M08,2017M09,2017M10,2017M11,2017M12,2018M01,2018M02,2018M03,2018M04,2018M05,2018M06,2018M07,2018M08,2018M09,2018M10,2018M11,2018M12,2019M01,2019M02,2019M03,2019M04,2019M05,2019M06,2019M07,2019M08,2019M09,2019M10,2019M11,2019M12,2020M01,2020M02,2020M03,2020M04,2020M05,2020M06,2020M07,2020M08,2020M09,2020M10,2020M11,2020M12,2021M01,2021M02,2021M03,2021M04,2021M05,2021M06,2021M07,2021M08,2021M09,2021M10,2021M11,2021M12,2022M01,2022M02,2022M03,2022M04,2022M05,2022M06,2022M07,2022M08,2022M09,2022M10,2022M11,2022M12,2023M01,2023M02,2023M03,2023M04,2023M05,2023M06,2023M07,2023M08,2023M09,2023M10,2023M11,2023M12,2024M01,2024M02,2024M03,2024M04,2024M05,2024M06,2024M07,2024M08,2024M09,2024M10,2024M11,2024M12,2025M01
"Andre apparater, artikler og produkter til personlig pleie",0.1,-0.2,0.5,-2.1,1.0,0.9,-0.4,3.4,2.9,4.6,6.3,5.4,7.2,6.5,8.5,8.1,5.9,7.8,8.6,4.4,5.2,4.2,2.1,3.9,1.1,4.3,3.5,1.8,3.0,1.4,0.8,-0.7,1.2,-0.8,-0.7,-2.5,-1.7,-3.2,-2.8,-1.2,-2.8,-2.3,-1.5,-0.6,-2.9,0.0,-0.2,-0.1,0.9,0.3,0.7,-0.8,-1.5,-1.0,-2.6,-2.1,-1.8,-2.1,-1.8,-1.0,-1.4,-2.5,-1.8,1.0,1.6,2.7,4.4,3.1,4.8,3.8,3.7,2.8,3.6,4.1,3.0,1.3,-0.1,0.7,0.3,1.5,-2.1,-0.9,-1.0,-1.1,-0.9,-2.2,-0.5,0.1,2.4,3.5,2.0,2.6,3.9,6.1,7.0,4.0,5.7,7.1,7.6,8.2,8.7,6.7,7.4,6.0,7.4,4.2,4.8,8.2,4.6,5.1,3.7,3.8,3.8,2.7,1.8,2.6,1.2,3.4,2.4,2.9
Andre matvarer,1.5,-2.1,-0.9,-1.3,0.4,-0.6,-0.4,-0.6,-2.2,-0.5,-2.1,1.8,4.5,5.2,6.4,5.5,4.6,4.7,5.2,5.8,8.2,5.7,4.5,1.7,-1.0,-0.1,-2.6,-1.0,0.3,0.8,-1.3,-1.1,-2.2,-1.1,0.9,2.0,1.0,1.3,1.2,1.0,-0.6,-1.2,0.0,0.0,-1.1,0.0,0.3,-2.4,1.8,-1.0,1.2,0.2,0.1,3.3,2.4,1.5,0.4,0.0,0.5,2.9,2.4,5.0,4.8,4.3,3.6,2.9,3.9,4.9,4.9,2.5,2.0,3.7,1.6,0.9,-0.5,0.7,0.4,-1.0,-0.9,-3.5,-1.3,0.4,1.0,-0.6,3.1,-0.9,2.8,2.7,4.1,8.8,8.5,10.9,11.2,11.6,9.9,10.2,6.4,7.7,7.9,9.2,10.8,6.9,7.8,6.2,8.1,7.5,7.2,7.3,5.2,7.8,6.3,5.9,5.6,5.2,4.6,4.6,1.9,2.2,4.6,4.0
Andre tjenester,3.2,2.7,2.7,2.7,2.6,2.6,2.6,2.5,2.5,2.5,2.3,2.2,2.2,2.3,2.3,2.3,3.4,3.4,3.4,4.3,4.3,4.3,3.2,3.2,3.2,3.7,3.7,3.7,2.8,2.8,2.8,3.4,3.4,3.4,3.8,3.9,3.9,3.3,3.3,3.3,2.4,2.4,2.4,1.2,1.2,1.2,2.1,2.0,2.0,1.5,1.5,1.5,2.8,2.8,2.8,3.1,3.1,3.1,2.3,7.9,7.9,9.7,9.8,9.8,8.4,8.3,8.3,8.9,8.9,8.9,9.0,3.4,3.4,2.9,2.8,2.8,2.6,2.8,2.8,6.6,6.6,6.6,6.7,1.3,1.3,1.0,1.0,1.0,3.4,3.4,3.4,-0.4,-0.4,-0.4,-0.4,4.8,4.8,5.6,5.6,5.6,2.4,2.4,2.4,0.9,0.9,0.9,0.7,8.7,8.7,9.4,9.4,9.4,9.7,9.7,9.7,11.0,11.0,11.0,11.9,5.3
Audiovisuelt utstyr,-1.3,-1.8,0.4,0.9,1.0,0.2,0.8,2.0,2.5,1.6,0.3,1.4,0.8,1.5,1.3,1.6,1.4,1.7,2.3,3.0,1.8,4.5,5.5,4.3,3.4,3.4,0.0,1.1,4.8,4.2,1.6,2.0,2.2,-0.3,-1.4,-1.8,-2.4,-2.7,-0.3,0.2,-3.8,-2.9,0.0,-1.0,-0.1,2.4,1.7,3.1,4.0,1.3,1.1,-1.5,-1.1,-1.9,-3.2,-2.5,-2.5,-4.2,-2.4,-2.3,-3.8,-2.2,0.9,1.2,2.3,8.0,7.6,6.1,5.1,4.4,3.4,2.9,4.3,4.7,0.3,1.2,2.9,-1.0,-0.9,0.0,0.4,-1.5,-1.1,-1.9,-2.2,-2.8,-2.2,0.4,-6.2,-2.4,-6.7,-5.8,-4.3,0.6,5.4,2.0,1.1,4.0,3.7,0.8,5.7,6.7,8.3,10.3,10.6,0.8,0.3,4.1,15.1,9.7,10.5,7.2,3.8,0.4,7.4,2.8,-1.3,1.8,-5.3,-2.6
Aviser og tidsskrifter,10.4,10.8,6.9,9.6,11.0,4.6,7.1,7.5,7.8,7.8,13.4,5.4,6.2,7.1,6.2,7.6,6.6,7.5,8.9,6.7,8.2,7.4,1.1,8.8,8.5,7.1,6.8,7.2,7.1,4.5,3.7,5.5,4.8,4.7,3.7,3.4,3.5,3.5,4.4,4.2,4.3,4.4,4.5,4.4,4.0,4.1,4.0,3.5,3.4,3.4,3.0,3.1,3.1,3.1,3.0,3.1,4.1,4.1,4.2,3.6,3.7,3.7,3.5,3.4,3.4,3.3,3.4,3.6,2.3,2.4,2.4,2.5,2.5,2.5,2.3,2.3,2.2,2.6,2.6,2.5,2.7,2.5,2.5,2.4,2.1,2.1,2.0,2.0,2.2,4.1,4.2,4.2,4.6,4.7,4.7,8.4,8.9,9.1,9.9,8.9,9.0,6.1,6.3,5.8,6.9,7.3,8.2,5.1,4.3,5.7,3.8,4.4,4.1,6.9,6.1,5.7,5.2,5.7,7.7,5.7
"Beregnet husleie, bolig",2.4,2.4,2.5,2.3,2.5,2.3,2.3,2.2,2.2,2.1,2.0,1.8,1.6,1.8,1.8,1.6,1.8,1.9,1.7,1.6,1.6,2.0,2.0,1.8,2.1,1.9,1.7,1.9,1.6,1.5,1.8,1.8,1.7,1.6,1.6,1.6,1.6,1.6,1.6,1.7,1.7,1.5,1.3,1.5,1.6,1.4,1.5,1.4,1.5,1.4,1.5,1.4,1.3,1.5,1.8,1.8,1.8,1.9,2.0,2.0,1.9,1.9,1.7,1.3,1.4,1.2,1.3,1.3,1.1,1.1,1.0,1.0,0.8,0.8,0.8,1.3,1.2,1.5,1.2,1.4,1.6,1.5,1.5,1.5,1.6,1.8,1.9,1.6,1.6,1.8,2.1,2.2,2.4,2.4,2.4,2.8,3.0,3.1,3.3,3.9,4.2,4.1,4.2,4.1,4.2,4.4,4.5,4.4,4.3,4.4,4.6,4.5,4.2,4.2,4.5,4.7,4.3,4.3,4.4,4.2
"Betalt husleie, bolig",3.0,2.9,3.0,2.8,3.0,3.0,3.0,2.6,2.4,2.4,2.3,1.9,1.7,2.0,1.9,1.8,1.9,1.8,1.8,1.8,1.9,2.1,2.1,2.1,2.3,2.2,2.1,2.2,1.9,1.9,1.9,1.8,1.8,1.8,1.9,1.7,1.7,1.6,1.6,1.7,1.8,1.6,1.6,1.9,1.7,1.6,1.6,1.5,1.6,1.7,1.7,1.7,1.5,1.6,1.8,1.7,1.9,1.9,2.0,2.0,1.8,1.8,1.6,1.2,1.3,1.3,1.4,1.3,1.2,1.3,1.2,1.2,1.1,1.0,1.0,1.5,1.4,1.4,1.2,1.4,1.5,1.4,1.3,1.5,1.5,1.6,1.8,1.5,1.7,2.1,2.3,2.4,2.4,2.3,2.5,2.9,3.1,3.4,3.5,3.9,4.1,4.0,4.0,4.1,4.3,4.5,4.4,4.3,4.3,4.3,4.6,4.4,4.2,4.2,4.4,4.3,4.1,4.2,4.3,4.0
Biler,1.4,1.5,1.6,2.0,2.1,2.1,2.1,1.9,2.0,2.0,2.1,2.3,2.3,2.3,2.2,2.0,2.0,2.0,2.0,2.0,2.1,2.1,2.2,1.5,1.5,1.6,2.5,2.4,2.4,2.4,2.4,2.8,2.0,3.6,3.4,3.7,3.8,3.7,2.8,2.9,3.3,3.3,3.3,2.6,3.7,2.5,2.5,2.2,2.1,2.1,2.3,2.3,1.9,1.9,1.8,0.4,-0.1,-0.5,-0.4,-1.9,-1.9,-1.9,-0.4,1.7,2.5,3.1,3.2,5.2,4.7,4.6,4.5,5.3,5.3,5.3,3.4,1.1,0.0,-0.4,-0.4,-0.6,0.1,0.6,0.6,1.5,1.9,2.6,2.9,3.7,4.8,5.6,6.3,6.3,6.2,5.6,5.6,12.2,11.1,10.3,9.4,8.9,7.7,6.8,5.9,6.2,6.8,6.8,6.7,-1.9,0.4,0.1,0.7,-1.6,-1.0,-1.0,-1.3,-1.7,-2.9,-2.9,-2.8,-1.0
Boligtekstiler,-5.2,6.4,3.5,-5.1,10.9,4.1,4.9,10.1,3.3,13.7,8.1,10.7,11.0,6.5,4.0,13.8,1.1,0.9,6.8,6.3,2.6,-4.0,11.0,0.9,2.3,-0.5,-5.6,0.7,-0.1,1.0,0.7,-1.8,3.9,4.0,-1.2,1.7,2.1,3.5,9.9,3.9,3.6,5.0,-1.9,6.6,3.9,3.2,6.3,-1.2,1.8,7.0,7.0,3.9,4.5,-2.1,-2.1,4.8,1.4,-0.8,-0.4,11.4,4.7,-2.2,3.0,7.7,13.8,18.0,18.8,17.0,17.2,14.0,9.5,12.3,9.2,11.9,8.6,5.0,7.5,-0.5,-0.4,2.1,-1.4,-1.4,1.2,-1.1,3.9,2.9,2.6,9.7,-4.0,2.7,4.1,0.2,4.5,2.9,16.9,10.8,10.7,18.5,22.1,12.8,15.4,20.3,19.9,8.3,13.9,27.6,21.1,8.4,12.6,4.9,-0.8,-5.7,-0.5,1.0,-1.3,3.0,0.8,-4.3,-9.0,-4.7
Brennevin,1.2,1.1,1.1,0.6,0.7,0.7,0.8,1.1,1.0,1.0,0.9,1.5,2.2,2.2,2.2,2.3,2.3,2.4,2.3,2.4,2.6,2.7,2.8,2.1,1.6,1.7,1.8,1.7,1.7,1.6,1.6,1.5,1.3,1.3,1.2,1.4,1.3,1.2,1.2,1.4,1.3,1.6,1.5,1.4,1.5,1.4,1.5,1.4,1.6,1.8,1.6,1.5,1.5,1.6,1.7,1.8,1.8,1.8,1.8,2.3,2.1,2.1,2.1,2.9,2.9,2.5,2.5,2.4,2.4,2.4,2.4,2.5,2.5,2.6,2.7,1.5,1.5,1.5,1.5,1.5,1.5,1.5,1.5,1.1,1.2,1.1,1.1,1.4,1.6,1.7,1.8,2.1,2.1,2.2,2.3,3.6,3.4,3.4,3.4,4.0,3.9,4.0,3.9,4.4,4.4,4.4,4.3,4.4,4.4,4.4,4.5,4.1,4.2,4.3,4.2,3.4,3.5,3.5,3.5,2.9
Brød og kornprodukter,1.4,-1.7,0.8,0.2,1.4,-0.2,0.8,1.2,0.0,-0.4,-0.5,1.2,2.5,3.4,2.3,2.2,1.4,3.2,2.7,2.6,4.2,4.2,3.1,1.4,-1.2,0.2,-1.0,0.0,0.0,-0.5,-1.9,-0.8,-0.8,-0.9,0.0,1.3,3.0,1.7,1.5,1.3,0.9,1.5,3.1,1.4,0.6,2.0,1.0,0.5,1.6,2.9,2.8,1.4,1.9,1.9,0.9,1.7,0.9,0.4,1.2,2.6,1.4,1.8,3.2,3.1,2.2,3.4,4.3,3.1,4.5,2.3,1.4,2.9,2.0,2.3,-0.2,0.7,1.2,-1.3,-1.5,-1.1,-2.2,-0.7,0.1,-2.3,0.6,0.4,3.8,4.0,5.2,11.7,11.4,13.0,12.3,14.1,14.8,14.0,10.2,10.2,12.0,12.4,14.3,9.2,10.5,9.2,10.7,8.4,8.4,9.8,7.4,6.5,5.0,6.0,5.5,3.8,3.1,2.8,3.1,4.7,2.9,3.7
Bøker,1.2,9.7,4.0,3.8,7.0,1.3,3.9,5.1,8.3,2.5,4.0,5.2,-1.7,7.4,-1.2,-2.9,0.0,-0.3,0.9,3.2,2.6,3.0,3.1,-0.6,25.7,-10.8,-3.8,2.3,2.6,1.0,1.7,-3.3,-0.9,-0.7,0.4,1.7,-14.4,12.2,7.1,-0.8,0.4,-0.3,7.5,10.2,5.7,2.5,1.1,-2.5,14.4,-8.1,-2.9,3.6,-0.2,3.8,-1.2,2.1,-2.7,4.8,-0.2,10.1,4.4,-1.7,6.7,1.6,3.3,2.4,6.0,3.8,7.1,6.0,5.6,4.7,-7.9,17.7,13.4,8.7,18.3,14.0,13.3,-0.3,2.8,2.3,4.9,2.0,16.9,12.9,6.8,10.4,8.9,8.1,-3.8,17.2,13.7,9.1,6.2,9.6,3.0,1.5,-3.9,4.1,1.7,0.6,10.9,4.0,4.2,3.0,8.2,-2.4,5.1,1.3,10.0,8.1,-0.1,3.4,3.2,3.4,2.4,4.0,-1.5,4.6
Drivstoff og smøremidler,-8.4,-5.0,-2.7,-6.8,-1.9,-2.7,-5.7,-7.8,-6.7,-6.2,-3.5,-4.0,-5.7,-3.4,-6.4,-4.4,-4.8,-6.1,-4.6,-2.3,-2.2,0.7,4.5,11.0,14.5,6.7,4.7,6.0,3.7,3.5,7.6,9.9,5.4,8.2,1.7,1.9,3.3,3.3,8.2,12.7,8.3,9.8,8.8,7.9,14.3,9.4,7.5,0.5,1.0,4.4,3.4,0.3,1.5,1.6,-1.1,-2.0,-2.9,-1.8,2.5,6.1,1.7,-2.3,-9.4,-10.7,-7.3,-4.4,-5.1,-8.7,-8.2,-14.9,-7.5,-4.1,0.1,2.3,11.5,12.1,10.0,10.7,13.5,17.5,21.0,30.1,21.9,16.4,21.2,42.3,34.0,40.3,56.4,47.4,29.6,32.9,35.1,26.8,15.8,17.8,10.5,-1.2,0.9,-8.1,-18.7,-17.6,-1.3,-0.7,-5.8,-2.9,2.9,-4.2,3.5,-2.8,2.0,6.5,8.5,5.7,-2.6,-7.1,-4.9,-0.7,1.3,4.6
Elektrisitet inkludert nettleie,0.9,1.3,3.9,2.7,-3.9,-14.5,-13.3,-13.6,-2.1,1.7,-6.1,12.0,3.9,10.4,12.4,17.6,31.1,38.9,31.6,28.4,27.2,31.4,28.8,7.8,18.9,15.5,14.3,13.2,6.1,7.3,9.4,12.9,1.1,0.9,8.0,11.1,16.3,22.5,19.0,14.6,30.7,37.0,37.9,31.9,30.3,26.8,29.8,30.4,15.9,6.4,8.4,11.1,-6.6,-9.3,-9.3,-12.0,-3.6,-4.1,-10.1,-22.7,-27.8,-30.3,-34.9,-32.1,-32.6,-35.1,-33.4,-25.0,-24.1,-34.6,-21.1,18.9,41.2,37.3,51.5,54.6,68.7,82.7,97.9,107.7,79.2,123.5,104.5,19.7,8.9,23.8,39.4,27.2,28.4,18.0,21.0,16.7,24.9,12.7,0.8,15.4,15.1,18.8,9.5,11.9,8.7,-4.3,-26.1,-43.9,-32.4,-17.0,-13.8,-3.6,-3.0,-6.9,-12.1,-23.9,-21.6,-15.5,-14.1,7.8,4.8,-10.5,-10.9,-9.8
Fast brensel,5.2,2.6,0.5,8.3,1.7,2.1,2.4,0.8,-5.2,1.1,1.4,1.2,4.1,6.8,8.2,4.0,4.4,5.3,3.6,0.8,7.6,3.8,-1.9,0.2,-1.2,-2.5,-5.3,-5.1,-5.0,-6.4,-5.6,-5.6,-6.3,-5.9,-1.1,-1.5,0.0,1.1,4.0,1.4,3.0,3.5,2.9,6.9,3.4,3.3,3.9,7.0,5.5,6.1,6.8,7.7,5.1,4.8,4.6,3.4,5.9,4.8,2.6,-2.1,1.9,1.2,2.8,4.3,2.7,1.7,4.2,1.6,-0.5,0.9,3.0,3.7,2.4,2.6,-0.8,-3.6,-4.5,-2.1,-3.7,-2.6,-0.4,-0.3,1.7,8.9,7.6,8.7,11.3,11.6,15.6,12.9,17.0,30.6,34.7,38.2,34.4,29.1,23.8,25.3,29.0,28.1,21.7,27.4,26.2,8.8,8.6,4.4,4.7,9.1,5.4,5.1,3.9,4.9,2.0,3.6,2.0,-1.6,-4.3,-3.0,-5.8,-4.7
Finansielle tjenester ellers,0.7,0.7,-0.7,-0.7,-0.7,-0.9,-0.9,-0.9,-1.6,-1.6,-1.6,-0.9,-0.9,-0.9,-0.7,-0.7,-0.7,-0.4,-0.4,-0.4,0.0,0.0,0.0,1.3,1.3,1.3,3.0,3.0,3.0,3.0,3.0,3.0,3.0,3.0,3.0,1.7,1.7,0.9,-0.8,-0.8,-0.8,-0.8,-0.8,-0.8,-0.8,-0.8,-0.8,-0.1,-0.1,0.7,0.7,0.7,0.7,-0.2,-0.2,-0.2,0.7,0.7,0.7,2.6,2.6,2.6,2.4,2.4,2.4,4.6,4.6,4.6,3.6,3.6,3.6,1.3,1.3,1.1,1.5,1.5,1.5,-0.1,-0.1,0.1,0.1,0.1,0.1,-0.2,-0.2,0.7,0.5,0.5,0.5,0.8,0.8,0.7,0.8,0.8,0.8,0.7,0.7,0.3,0.3,0.3,0.3,0.3,0.3,0.3,0.5,0.5,0.5,0.5,0.5,0.4,0.4,0.4,0.6,0.6,0.6,0.6,0.4,0.4,0.4,0.3
Fisk og sjømat,4.4,3.1,1.3,4.8,4.7,4.7,5.2,6.2,7.6,4.4,3.9,3.0,6.7,6.3,7.4,6.2,5.8,9.4,9.3,8.3,8.3,8.8,8.9,10.4,9.0,11.3,13.4,12.9,12.0,8.8,6.6,6.6,6.2,5.8,6.9,4.5,2.9,2.0,-1.1,-0.8,-0.8,1.7,1.9,2.5,2.1,4.7,3.0,0.1,0.4,2.6,3.6,1.4,1.8,1.4,3.0,3.2,3.7,-0.1,0.6,5.7,4.8,3.7,3.5,3.9,2.2,0.6,1.0,0.8,0.6,3.0,3.0,1.3,2.0,0.2,-0.2,1.7,0.7,0.4,0.0,-1.4,-0.2,0.0,1.8,1.1,4.2,3.4,3.9,5.3,7.2,12.6,13.5,13.3,12.6,14.2,13.6,14.2,8.1,10.7,15.3,15.2,16.6,11.7,8.0,1.4,11.1,9.1,10.3,11.6,9.8,9.4,6.2,6.1,5.7,6.3,9.7,15.4,6.3,5.9,6.0,4.3
"Foto og kinematografisk utstyr, samt optiske instrumenter",8.0,7.7,6.7,7.1,6.6,5.5,8.0,5.2,4.8,3.5,2.6,3.7,0.7,2.2,4.4,3.3,3.3,1.9,1.3,7.3,10.1,8.7,8.7,6.3,8.9,6.0,4.8,3.0,1.9,1.8,0.8,-0.5,-1.5,1.5,1.3,2.0,0.2,2.6,0.5,5.5,8.5,8.1,8.4,3.8,3.7,0.6,0.3,0.3,3.6,-3.5,3.4,0.5,1.7,1.7,0.6,0.4,2.2,4.2,7.5,6.1,3.1,5.8,4.9,7.4,5.3,4.7,6.0,10.2,6.6,7.8,2.0,4.5,4.9,8.3,5.2,2.8,3.6,1.8,-2.5,-3.6,-4.9,-5.3,-3.6,2.5,7.1,-2.7,-0.6,0.1,-2.6,3.5,6.9,7.2,6.3,-6.9,2.1,2.8,-11.8,1.3,-5.2,-0.4,0.6,-4.7,-3.4,-4.0,3.6,12.6,1.7,-1.4,1.3,-4.9,2.6,-4.1,-9.4,-9.4,-10.8,-0.3,-8.8,-8.7,-14.7,-18.2
Frisørsalonger og virksomheter tilknyttet personlig pleie,4.3,3.8,3.5,3.6,3.4,3.2,3.5,2.3,2.6,2.3,2.1,2.5,3.0,3.4,3.3,3.1,3.3,3.2,3.1,3.9,3.6,3.6,3.7,2.8,2.4,3.1,3.7,3.7,3.6,3.9,4.3,3.6,3.8,3.6,3.3,3.9,3.9,3.1,2.6,2.7,2.5,2.4,2.3,2.4,2.1,2.3,3.0,2.4,1.6,2.0,2.1,1.8,2.2,2.0,1.8,1.7,1.9,1.6,1.6,2.1,2.7,2.4,2.6,3.9,3.9,3.4,3.7,4.4,4.5,4.9,5.0,4.9,5.2,5.0,5.0,4.0,3.7,4.4,3.7,3.3,3.5,2.5,3.0,3.0,3.6,3.8,3.9,4.3,4.4,4.1,4.6,5.4,5.2,6.6,5.7,6.2,5.7,6.0,6.0,5.9,5.9,6.3,6.4,5.3,5.2,5.3,5.5,5.3,5.1,4.9,5.0,4.7,5.1,5.0,4.5,4.9,5.3,5.0,5.0,4.9
Frukt,4.6,5.2,5.4,11.5,13.6,9.3,6.8,12.1,9.2,13.3,8.9,-5.7,-2.6,-3.6,0.7,-2.4,2.5,5.6,4.9,0.0,-0.1,-9.0,-6.1,4.0,2.0,3.8,-7.6,-0.4,-3.2,-2.9,-4.7,-5.8,-2.3,4.6,5.9,11.8,10.0,4.5,16.1,3.8,1.9,2.7,5.3,6.0,3.1,4.3,3.2,2.9,0.3,4.2,0.0,1.7,3.9,3.6,4.0,6.2,6.5,4.3,5.7,4.4,2.0,7.4,11.8,17.0,11.7,7.5,10.4,8.6,5.8,5.1,5.1,-2.3,3.2,-1.8,-6.7,-12.1,-6.7,-5.8,-5.5,-6.5,-7.0,-7.2,-7.6,-3.5,0.3,-1.2,-2.4,-0.4,4.3,9.3,7.1,11.9,12.6,14.7,9.3,9.9,8.0,10.5,17.3,17.6,18.0,14.7,12.8,10.5,12.6,13.4,18.2,12.1,14.6,7.7,8.4,8.2,1.5,0.0,1.4,-1.1,1.5,-2.8,-2.6,3.3
Grønnsaker,3.9,2.4,4.0,5.1,5.3,3.9,7.1,7.2,6.5,9.2,6.2,-0.9,0.0,0.5,2.8,-0.1,2.7,3.4,3.0,2.0,-0.6,-2.8,-1.5,3.9,3.7,2.6,-3.4,-0.7,-1.5,-2.8,-5.2,-4.7,-2.7,0.4,1.9,3.2,0.4,0.5,3.5,1.3,0.1,1.5,4.0,3.4,5.9,6.6,5.0,2.6,4.8,4.7,4.3,2.7,3.2,5.2,3.4,5.8,2.5,1.0,1.9,3.8,4.1,4.4,9.6,8.7,7.5,3.3,5.0,3.8,4.7,6.3,3.9,1.9,0.2,1.0,-2.7,-2.3,-3.6,-0.1,-0.6,-4.6,-2.8,-4.5,-1.8,0.3,2.1,0.5,1.3,1.2,4.6,7.2,7.7,10.7,12.8,13.3,10.6,11.6,12.9,16.2,14.1,17.6,18.4,12.5,11.4,11.6,10.4,11.9,11.1,12.6,5.8,4.8,6.7,7.3,7.2,5.1,3.7,1.4,3.0,2.4,1.4,2.3
"Hager, planter og blomster",7.1,6.2,2.0,4.5,4.6,6.9,6.6,4.7,2.9,5.0,4.6,5.3,5.8,4.7,4.6,4.2,5.0,4.3,3.4,5.1,4.2,2.6,3.4,2.2,-0.7,0.4,1.8,3.6,3.6,2.5,3.3,3.1,2.8,4.8,2.3,-3.2,-2.5,-0.4,-1.3,0.6,0.6,0.9,0.7,0.1,-1.2,-2.6,1.2,5.3,6.3,4.9,4.5,1.8,0.6,2.4,0.4,-0.7,1.3,5.9,4.1,-3.4,-0.6,-0.4,3.0,4.4,7.0,2.6,3.4,5.3,7.0,1.9,5.5,10.6,8.0,9.2,6.1,6.8,5.3,8.2,11.1,11.1,7.1,11.2,6.4,10.6,11.8,7.8,7.0,6.2,8.1,9.3,6.3,4.4,7.3,4.9,6.8,3.1,1.8,6.3,5.2,6.9,7.3,7.1,4.3,5.4,5.8,6.8,6.0,7.3,7.4,6.3,8.9,5.4,4.5,1.7,5.1,7.6,5.7,4.4,3.8,3.5
IT-utstyr,3.4,6.3,6.3,4.4,4.8,6.5,5.0,6.3,6.0,7.1,5.8,5.6,5.5,1.0,0.5,2.9,2.3,1.2,0.8,-1.5,0.0,1.5,0.6,-1.1,-3.2,-2.7,-3.0,-3.0,-2.7,-2.2,-0.9,-0.2,-2.4,-3.7,-1.8,-1.5,-0.3,0.5,1.3,-2.5,-0.6,-1.2,0.2,-0.2,1.1,0.7,-0.4,0.4,0.5,-1.1,0.3,4.3,2.6,2.0,0.8,-3.6,-5.6,-5.5,-4.6,-3.5,-4.7,-3.0,-1.6,0.8,1.1,1.7,1.7,8.1,8.6,7.8,9.5,9.0,11.0,10.0,6.9,3.5,5.4,5.8,4.0,2.8,4.0,3.3,2.1,0.7,2.6,1.2,-6.0,3.7,-2.8,-2.0,2.2,-1.0,2.5,1.7,7.7,10.9,8.2,10.2,19.9,8.9,11.9,14.2,7.3,12.6,9.1,4.1,2.5,-0.3,1.8,1.1,0.2,0.6,-1.2,0.3,-0.7,1.6,-0.6,4.8,-1.7,1.4
Ikke-varige husholdningsartikler,-6.5,-5.3,-3.5,-6.0,-2.5,-2.3,0.5,4.3,7.6,7.2,5.8,6.3,11.3,6.9,8.9,11.9,11.0,10.5,10.0,6.2,7.5,9.2,6.9,6.6,2.7,8.1,3.6,-0.2,1.0,2.2,-1.6,-0.2,-2.2,-5.7,-4.9,-7.2,-4.8,-5.1,-5.0,-2.2,-4.1,-1.6,0.4,3.5,1.8,7.5,7.8,10.3,10.8,10.7,10.4,7.5,7.3,3.8,3.4,0.0,-1.6,0.8,-1.0,0.6,0.6,0.8,1.8,5.6,6.5,8.7,5.9,8.7,11.5,8.5,8.4,8.7,6.4,6.8,4.8,3.3,1.9,-0.5,-0.2,-0.1,-2.3,-1.6,-0.1,-1.3,-0.4,-0.7,2.0,2.3,3.4,8.9,10.6,6.9,9.6,11.5,12.3,9.9,4.1,5.6,6.6,8.3,8.6,4.6,5.5,7.6,8.4,8.3,8.3,7.4,8.8,7.6,2.7,7.5,7.6,6.8,5.1,3.4,3.3,4.4,3.5,4.6
Innspillingsmedier,0.9,2.2,1.4,0.3,0.5,-0.2,-0.2,-1.0,-0.8,1.4,-0.5,0.4,0.0,0.1,4.3,5.3,5.3,5.4,6.3,6.6,6.1,6.1,6.4,7.8,7.7,7.5,2.6,2.0,2.4,1.9,1.7,5.7,5.5,5.8,5.3,4.2,4.2,4.3,4.4,5.4,5.5,7.6,7.7,3.1,3.0,2.8,2.9,2.9,3.0,2.9,3.0,2.1,1.9,-0.6,-0.6,-0.4,-0.4,-0.3,-0.3,1.6,1.5,1.6,0.5,0.8,0.9,1.4,1.7,1.6,1.6,1.6,1.6,2.0,2.0,2.0,3.0,2.8,2.8,2.7,2.5,3.0,3.0,3.1,3.1,-0.8,-0.8,-0.8,0.5,1.1,1.2,1.3,1.3,0.7,0.7,0.7,0.7,4.4,4.5,4.5,3.2,3.2,3.1,4.2,4.2,5.7,6.8,7.0,6.9,8.4,8.3,8.2,8.3,8.9,8.8,7.8,7.7,9.9,12.3,12.2,12.4,12.0
"Kaffe, te og kakao",9.4,8.2,9.1,4.8,8.3,4.4,6.7,1.6,2.7,3.9,0.7,1.0,-3.5,-2.7,-0.1,-1.6,-2.8,1.4,-0.8,1.2,0.8,1.3,3.1,1.3,6.7,5.9,1.2,5.8,1.8,1.5,-0.2,0.6,-0.9,-1.3,-2.4,-1.3,-1.5,0.4,0.8,-4.3,1.3,-0.8,0.9,1.2,0.8,1.6,1.2,3.3,0.7,0.7,-2.0,-0.7,-1.4,-1.7,-1.1,-1.2,-3.5,-4.2,-4.0,-3.5,-0.4,-0.4,2.7,3.2,-2.8,1.2,1.3,-0.3,2.0,-0.4,-2.8,2.2,-0.3,0.8,-2.3,-3.4,1.0,-1.5,-2.5,-1.8,-5.9,1.0,1.8,1.3,7.9,9.6,4.7,16.0,16.3,21.8,22.7,24.7,27.2,24.4,25.4,24.5,14.1,11.9,15.9,12.0,17.0,9.5,6.9,3.1,12.3,8.5,7.3,2.8,4.4,-5.2,9.4,2.6,-1.1,1.5,-3.0,4.6,-0.9,1.4,0.1,6.0
"Kjøkkenutstyr, glass, dekketøy mv.",3.8,5.2,5.5,5.1,3.7,2.6,0.9,3.7,4.6,4.6,4.3,4.3,4.2,2.7,3.7,4.8,6.1,7.2,6.8,4.2,3.0,2.2,2.2,1.0,-1.7,-1.6,-1.6,-2.9,-3.8,-6.4,-9.8,-8.6,-2.6,-3.2,-2.3,-2.2,2.1,0.1,0.3,2.1,1.7,3.3,7.2,6.0,2.5,0.3,1.1,4.5,2.9,5.1,2.6,4.7,3.9,4.5,1.6,6.3,4.7,7.4,6.6,3.9,3.2,5.2,4.1,1.1,7.0,6.3,10.3,9.4,7.8,9.6,7.0,10.0,12.0,11.1,15.6,7.1,4.7,10.5,5.3,2.9,5.4,2.0,4.8,2.5,5.0,2.3,-1.4,8.5,6.3,3.7,5.3,9.9,6.5,8.8,8.0,8.5,4.8,9.5,8.9,5.5,6.2,8.3,7.9,5.9,8.1,4.6,3.0,7.5,2.3,0.5,2.1,1.8,1.0,-2.0,4.2,0.0,-2.2,4.4,5.4,-3.8
Kjøtt,1.8,-0.4,0.6,1.9,3.0,2.0,2.8,3.8,3.2,3.6,3.3,3.1,4.9,2.3,4.4,2.1,2.0,2.6,1.9,2.3,2.2,1.4,0.9,0.3,-3.0,0.2,-4.0,-1.3,-1.2,-1.7,-3.5,-4.9,-3.8,-3.4,-1.8,-1.1,1.4,-0.1,2.3,-1.6,-2.6,0.1,2.3,2.8,1.6,2.8,1.5,1.3,2.1,3.0,2.9,1.5,3.6,2.1,1.0,0.0,1.2,-1.1,-0.4,1.2,0.8,1.9,1.7,1.6,-0.1,1.0,2.4,3.6,3.6,5.4,4.7,4.4,4.4,4.0,3.4,4.5,3.7,3.2,2.9,1.5,0.6,-0.1,3.5,1.2,3.0,4.0,5.4,5.9,9.8,13.3,13.8,16.3,16.9,16.0,13.5,14.5,13.2,10.7,12.1,15.7,13.9,8.8,10.3,6.8,7.5,7.5,7.5,8.6,4.3,4.4,5.0,2.5,4.0,3.6,2.3,3.2,2.8,3.9,4.8,3.4
Klesplagg,-4.0,-3.7,-2.6,-1.4,-1.5,0.1,4.3,3.7,2.6,2.9,2.6,6.3,6.4,5.1,5.3,4.9,6.1,7.9,5.9,3.1,4.7,4.3,3.1,-2.1,-1.5,2.6,3.1,2.2,0.4,-6.1,-5.5,2.0,-0.6,-0.3,-0.8,-4.5,-6.6,-5.6,-5.7,-2.9,-3.6,-2.5,1.9,-3.0,-1.5,-2.1,-1.3,-0.5,6.6,4.3,1.6,0.9,1.0,3.0,-0.2,1.3,1.1,0.7,1.1,5.5,-2.6,-3.5,-2.8,-3.6,-0.6,3.0,0.4,-5.3,-4.5,-4.5,-3.3,-0.5,1.1,-2.1,-3.1,-2.3,-3.8,-1.3,-1.8,0.3,-1.0,-0.7,-1.3,-3.3,-1.9,0.3,3.4,3.0,2.1,-3.2,-3.1,-0.6,0.6,1.3,0.6,2.1,1.5,2.8,2.2,2.9,3.8,4.4,8.2,6.7,2.8,5.0,3.7,4.1,6.9,3.6,3.8,2.6,2.7,3.3,1.1,-0.6,1.7,-1.0,-0.3,-1.5
Kulturtjenester,2.9,2.9,2.9,2.7,2.7,2.7,2.8,3.4,3.4,3.5,3.4,6.5,6.6,6.5,6.5,6.9,7.0,7.1,7.0,5.7,5.7,6.0,6.0,3.3,3.2,3.3,3.3,2.6,2.5,2.4,2.4,2.2,2.3,2.0,2.0,2.5,2.5,2.5,2.5,2.8,2.8,2.8,2.8,3.7,3.6,3.7,3.7,3.9,3.9,3.9,4.1,4.1,4.1,4.1,4.4,3.8,3.8,3.9,3.8,5.8,5.7,5.7,5.9,6.2,5.9,5.5,5.2,5.7,5.7,5.5,5.7,3.7,4.5,4.1,4.0,3.2,3.2,3.7,3.1,2.7,2.7,1.9,1.9,-0.5,0.2,0.8,0.5,2.0,3.8,3.8,4.2,7.6,7.9,8.9,9.6,13.7,12.1,11.1,12.1,10.7,10.3,11.0,11.3,7.6,7.3,7.2,6.6,8.3,8.6,9.3,8.1,10.2,9.0,8.4,8.4,8.9,8.3,8.5,8.5,3.7
Legemidler,1.9,1.2,0.4,0.8,0.9,0.7,0.8,1.1,1.9,1.8,1.7,2.3,2.6,2.0,3.1,3.5,3.4,3.5,4.0,3.5,3.8,3.8,3.3,2.8,2.2,3.4,2.2,1.4,1.2,1.2,1.1,0.4,0.0,-0.3,-0.1,0.2,1.2,1.0,1.4,1.1,0.6,0.4,0.9,1.1,1.4,3.1,2.2,1.5,1.4,1.5,2.2,1.7,2.4,3.2,2.8,2.6,3.5,2.1,2.1,3.2,2.2,3.3,2.8,3.0,4.0,3.2,3.5,3.1,3.5,2.8,2.5,1.6,2.1,2.1,2.1,2.5,1.6,1.4,0.7,1.0,0.2,0.6,2.0,1.9,2.0,1.7,1.8,1.1,2.0,3.1,3.4,4.2,5.2,4.8,3.9,3.3,5.1,4.4,4.2,5.9,5.2,4.3,5.4,3.9,3.7,4.8,5.0,4.8,3.9,5.1,4.8,5.0,5.0,4.9,4.0,4.7,3.5,4.0,4.6,4.2
Materialer til vedlikehold og reparasjon av bolig,4.5,4.2,4.4,-0.3,0.0,-0.2,0.5,1.1,1.2,1.9,2.1,2.0,1.8,1.8,2.3,4.2,3.2,2.9,2.9,2.6,2.6,2.3,2.2,1.1,1.5,2.0,0.8,1.4,2.1,2.8,2.3,2.3,2.6,3.1,2.2,2.9,3.7,3.2,4.1,3.1,3.4,3.3,4.3,4.6,4.3,5.3,6.6,7.1,6.3,5.7,6.0,6.8,6.7,6.2,5.6,5.6,5.7,3.7,3.7,3.8,3.9,4.2,5.0,5.5,4.5,4.7,4.5,4.1,4.7,5.1,5.0,4.4,4.3,5.5,3.6,4.7,6.6,44.0,44.6,37.8,37.2,37.2,36.4,37.1,39.5,38.2,39.7,37.5,35.7,1.6,1.0,6.4,5.4,7.9,7.0,7.1,2.0,2.9,-0.3,-1.8,0.6,-0.8,-0.2,-0.8,-1.4,-1.5,-1.6,-1.3,2.0,0.9,4.1,6.7,6.1,6.8,6.2,7.4,10.3,10.0,11.3,10.3
"Melk, ost og egg",-0.7,-4.0,-2.0,-1.3,-0.1,-0.9,-0.6,0.8,0.4,1.4,0.8,0.5,2.0,1.5,1.8,0.5,0.6,1.6,1.5,1.4,2.9,1.5,-0.3,0.3,0.1,2.3,-1.2,1.6,2.8,2.8,-0.3,-0.9,-0.8,-0.4,1.1,1.9,4.1,2.5,3.6,2.1,0.6,2.2,4.7,4.6,2.6,4.6,3.9,3.4,2.0,2.8,2.6,0.4,0.3,1.8,0.5,-0.4,-1.0,-1.9,-1.2,2.1,4.0,3.9,4.3,3.1,2.2,0.6,2.4,2.0,2.7,1.2,0.4,-0.4,-0.9,-1.1,-1.8,-0.1,-0.7,-1.0,-0.8,-0.2,-0.2,-0.6,0.9,-1.8,-0.9,-1.3,1.8,2.1,3.7,8.3,8.2,8.6,11.0,10.2,10.1,10.6,6.0,5.8,6.8,9.7,11.0,6.8,6.7,7.0,6.3,8.2,6.7,6.8,6.1,6.2,5.7,6.1,6.6,6.4,5.9,5.1,4.1,5.8,5.7,6.0
"Mineralvann, leskedrikker, frukt- og grønnsaksjuice",6.7,3.4,7.5,4.4,7.0,6.3,6.3,5.4,5.4,6.1,5.8,6.1,6.9,2.9,5.7,6.2,4.9,4.5,3.9,4.2,4.9,2.8,4.5,3.5,0.2,3.7,-1.6,0.1,1.5,2.4,1.1,0.9,2.1,0.8,-1.2,3.1,4.9,4.8,6.6,2.1,2.2,2.9,4.1,5.2,4.1,5.8,5.4,0.6,2.7,2.3,1.3,4.1,3.0,2.2,1.7,0.4,0.2,0.5,0.5,2.6,1.6,0.4,2.4,3.4,0.9,-2.9,-0.4,-0.2,1.9,0.0,1.2,-6.8,-7.1,-5.8,-7.5,-7.9,-8.7,-13.7,-15.2,-14.9,-16.3,-16.2,-14.7,-9.4,-8.1,-8.2,-5.2,-6.8,-6.0,9.1,8.3,9.4,10.0,9.0,10.2,7.6,5.8,5.0,6.6,7.7,9.4,5.4,6.0,7.0,6.6,9.1,7.7,9.4,7.0,8.7,7.0,7.8,8.1,6.6,6.5,5.4,6.2,6.2,6.0,6.5
Møbler og innrednings- og dekorasjonsartikler,6.8,9.9,10.4,9.7,10.7,9.1,13.9,10.6,10.3,7.5,10.5,8.8,7.4,8.3,6.8,6.3,6.7,7.4,6.8,5.3,6.9,3.1,2.7,-0.1,3.7,-1.6,-1.6,-0.9,-5.8,-5.6,-4.5,-5.2,-7.7,-4.5,-3.2,-1.1,-1.7,-2.3,0.3,-1.6,3.7,4.3,-0.9,3.8,3.5,4.6,3.7,0.2,1.1,2.6,0.6,0.3,2.6,2.9,3.1,2.2,3.7,4.4,2.3,10.9,3.3,4.6,7.8,5.9,5.5,4.8,10.6,5.8,9.2,3.1,7.4,2.2,5.3,6.7,4.8,1.7,3.7,4.6,-1.8,5.0,2.1,4.8,5.7,9.2,9.6,8.8,5.9,16.9,11.0,14.5,16.1,13.4,10.8,12.0,9.4,7.5,9.7,8.9,11.0,4.9,9.2,7.9,9.6,6.9,11.4,9.0,10.9,9.5,3.6,3.7,2.7,5.2,2.9,-0.8,3.1,-0.5,-0.3,3.4,0.9,5.3
Oljer og fett,-6.5,-13.6,-11.8,-11.2,-8.4,-7.6,-4.5,-1.3,-1.0,1.3,-0.2,0.4,9.1,8.7,11.3,9.8,7.5,9.1,8.5,9.2,9.2,8.6,8.2,6.6,-0.5,3.7,-0.1,1.5,2.6,1.4,-2.2,-2.8,-2.4,-3.8,-1.9,-0.6,2.7,2.8,3.4,2.8,1.8,4.1,8.3,8.7,9.4,12.3,9.9,10.7,10.2,9.5,9.2,7.7,7.3,4.1,1.3,1.2,-0.2,-0.5,0.7,1.8,3.2,4.7,4.4,1.8,3.6,8.2,9.3,8.4,9.2,6.0,6.7,4.2,2.5,1.9,2.3,5.7,1.5,-3.0,-3.3,-3.1,-3.4,-2.7,-3.8,-1.6,3.3,2.9,3.7,4.9,7.8,18.7,20.0,21.1,22.4,23.5,21.7,19.9,12.3,13.2,14.6,15.7,17.1,5.8,5.7,6.4,6.5,7.0,6.8,6.5,3.8,2.4,6.4,6.2,8.3,9.3,7.9,7.0,5.5,6.6,3.6,6.0
Overnattingstjenester,-0.1,-1.0,0.6,-1.2,-1.3,1.9,0.2,-0.3,-1.4,-0.6,-0.7,-1.2,-0.8,2.2,-0.1,2.5,4.0,2.4,3.6,2.6,3.5,4.9,4.7,5.9,6.2,3.3,5.5,3.7,6.7,10.5,7.6,6.1,3.2,2.7,0.4,0.3,-0.6,-0.1,2.7,0.0,-0.2,0.7,2.9,1.7,2.1,-1.1,1.7,2.3,1.6,0.5,-5.5,-0.7,3.6,-1.8,-3.0,0.3,0.5,-0.4,-3.8,-5.7,-6.5,-5.1,-3.9,-7.0,-14.4,-9.2,-7.7,-8.3,-8.2,-7.9,-3.6,-2.2,-2.3,-2.8,0.0,0.4,3.9,11.0,7.1,6.4,10.9,18.2,14.6,14.5,14.4,17.7,19.5,22.9,31.6,17.0,18.9,18.5,10.4,3.4,6.6,5.7,8.6,6.4,4.5,2.9,-6.7,0.1,-1.5,-0.8,2.6,4.7,4.6,5.8,5.8,3.7,2.7,1.8,3.1,1.3,1.3,0.5,1.6,3.1,2.9,2.2
Pakketurer,-0.3,-0.3,-2.6,-2.6,1.0,3.9,3.9,3.9,3.9,3.9,3.9,7.7,7.7,7.7,1.7,1.7,4.8,5.2,5.2,5.2,4.5,4.5,4.5,2.5,2.5,2.5,8.4,8.4,5.7,6.9,6.9,6.9,3.5,3.5,3.5,3.0,3.0,3.0,0.9,0.9,4.9,6.6,6.6,6.6,8.6,8.6,8.6,6.9,6.9,6.9,11.0,11.0,5.4,2.4,2.4,2.4,1.6,1.6,1.6,4.6,4.6,4.6,0.2,0.1,1.0,1.5,1.5,1.5,2.6,2.5,2.5,1.6,1.6,1.6,2.6,2.7,2.6,2.4,2.4,1.2,1.7,1.8,1.8,3.9,3.9,3.9,6.2,6.2,13.7,12.6,12.6,14.0,16.6,16.6,16.6,13.1,13.1,13.1,13.0,13.0,21.6,26.0,26.0,26.0,23.9,23.9,23.9,19.9,19.9,19.9,18.9,18.9,-3.2,-4.0,-4.0,-4.0,-5.9,-5.9,-5.9,-2.2
Passasjertransport i båt,14.3,14.3,14.3,14.3,14.3,14.3,0.1,0.1,0.1,0.1,0.1,0.1,-1.3,-1.3,-1.3,-1.3,-1.3,-1.3,10.4,10.4,10.4,10.4,10.4,10.4,9.9,9.9,9.9,9.9,9.9,9.9,2.2,2.2,2.2,2.2,2.2,2.2,7.5,7.5,7.5,7.5,7.5,7.5,7.8,7.8,7.8,7.8,7.8,7.8,4.3,4.3,4.3,4.3,4.3,4.3,3.3,3.3,3.3,3.3,3.3,11.6,6.4,6.4,6.5,6.5,6.5,6.5,-1.8,-1.8,-1.8,-1.8,-1.8,-8.9,-3.6,-3.6,-3.7,-3.7,-3.7,-17.3,-8.9,-8.9,-8.9,-8.9,-8.9,-9.0,-12.2,-12.2,-12.2,-12.2,-12.2,-5.8,-7.3,-7.3,-7.3,-7.3,-7.3,-7.3,-4.8,-4.8,-4.8,-4.8,-4.8,2.2,2.6,2.6,2.6,2.6,2.6,2.6,-19.0,-19.0,-19.0,-19.0,-19.0,-16.4,-16.3,-16.3,-16.3,-16.3,-16.3,-16.3
Passasjertransport med fly,0.0,5.3,-20.5,5.1,33.5,10.1,5.7,3.9,4.2,2.4,1.2,8.8,24.3,41.0,20.3,27.1,9.4,29.6,4.3,4.0,2.7,5.5,-3.5,9.1,-15.9,-24.4,13.9,-21.9,-4.3,-2.0,-2.1,-5.8,7.3,-14.3,11.8,-10.1,11.9,-0.4,-8.4,2.1,-3.9,-4.2,-3.3,-3.1,-15.9,14.1,-3.2,10.6,-1.2,10.1,25.7,7.9,7.3,8.2,14.0,25.5,14.6,5.5,3.0,7.7,10.3,9.9,-3.4,6.7,8.4,4.1,2.2,-10.0,-1.9,-10.7,-11.7,-13.4,-13.3,-16.9,-18.0,-16.3,-20.1,-15.8,-10.6,-15.9,-6.1,12.7,21.4,-6.7,-5.4,7.8,40.2,32.1,30.8,26.2,28.7,34.8,17.2,20.3,19.3,40.3,62.3,55.0,19.4,51.8,40.9,35.1,34.4,37.3,50.7,28.4,19.0,19.0,8.7,7.6,-1.5,4.2,-0.7,3.3,-1.4,0.9,1.8,2.5,6.6,5.3
Passasjertransport på skinner,3.5,3.5,3.5,3.5,3.5,2.5,2.5,2.5,2.5,2.5,2.5,1.1,0.9,0.9,0.9,0.9,0.9,2.1,2.1,2.1,2.1,2.1,2.1,2.1,-1.5,-1.5,-1.5,-1.5,-1.5,-2.8,0.9,0.9,0.9,0.9,0.9,0.9,3.9,3.9,3.9,3.9,3.9,3.9,6.0,6.0,6.0,6.0,6.0,6.0,7.3,7.3,7.3,7.3,7.3,7.3,4.6,4.6,4.6,4.6,4.7,4.7,4.4,4.4,4.4,4.4,4.4,4.4,1.7,1.7,1.7,1.7,1.7,1.7,2.2,2.2,2.2,2.2,2.2,2.2,3.7,3.7,3.7,2.4,2.4,2.4,1.3,1.3,1.3,3.7,3.7,3.7,3.1,3.1,3.1,1.6,1.6,1.6,7.8,7.8,7.8,3.8,3.8,3.8,3.4,3.4,3.4,2.9,2.9,2.9,0.3,0.3,0.3,2.2,2.2,2.2,2.6,2.6,2.6,3.6,3.6,3.6
Passasjertransport på vei,5.4,5.4,5.4,5.4,5.4,4.5,4.5,4.5,4.5,4.5,4.2,2.1,2.3,2.3,2.3,2.3,2.3,4.1,4.1,4.1,4.1,4.1,4.3,3.4,3.4,3.4,3.4,3.4,3.4,2.4,2.4,2.4,2.4,2.4,2.6,1.8,2.2,2.2,2.2,2.2,2.2,2.4,2.4,2.4,2.4,2.4,2.7,2.8,2.7,2.7,2.7,2.7,2.7,3.1,3.1,3.1,3.1,3.1,2.6,3.6,3.8,3.8,3.8,3.8,3.8,3.2,3.2,3.2,3.2,3.2,3.0,-0.6,-1.0,-1.0,-1.0,-1.0,-1.0,-1.2,-1.2,-1.2,-1.2,-1.2,-0.3,2.5,2.8,2.8,2.8,2.8,2.8,5.9,5.9,5.9,5.9,5.9,3.8,6.6,6.6,6.6,6.6,4.6,4.6,-0.8,-0.8,-0.8,-0.8,-0.8,1.2,6.4,7.4,7.4,5.7,7.6,7.6,9.8,10.2,9.5,9.5,9.5,8.7,0.9
Posttjenester,4.4,4.4,4.4,4.4,4.4,4.4,4.4,4.4,4.4,4.4,4.4,4.0,4.0,4.0,4.0,4.0,4.0,4.0,4.0,4.0,4.0,4.0,4.0,11.0,11.0,11.0,11.0,11.0,11.0,11.0,11.0,11.0,11.0,11.0,11.0,7.5,7.5,7.5,7.5,7.5,7.5,7.5,7.5,7.5,7.5,7.5,7.5,7.9,7.9,7.9,7.9,7.9,7.9,7.9,7.9,7.9,7.9,7.9,7.9,6.2,6.2,6.2,6.2,6.2,6.2,6.2,6.2,6.2,6.2,6.2,6.2,3.2,3.2,3.2,3.2,3.2,3.2,3.2,3.2,3.2,3.2,3.2,3.2,1.8,1.8,1.8,1.8,1.8,1.8,1.8,1.8,1.8,1.8,1.8,1.8,2.4,2.4,2.4,2.4,2.4,2.4,2.4,2.4,2.4,2.4,2.4,2.4,2.0,2.0,2.0,2.0,2.0,2.0,2.0,2.0,2.0,2.0,2.0,2.0,4.4
Reservedeler og tilbehør til transportmidler,2.6,2.7,3.6,3.2,2.9,3.0,2.9,3.0,4.1,4.5,4.8,4.9,5.6,5.5,5.1,5.1,5.3,5.5,5.6,3.7,0.9,0.9,0.8,0.0,-0.7,0.8,0.5,1.0,1.0,1.5,1.9,2.1,3.9,3.8,3.5,2.5,2.5,0.2,-0.1,-0.1,-0.5,-1.4,-2.2,-1.9,-0.4,-1.0,-0.3,0.6,0.7,0.9,1.0,0.7,1.3,2.6,2.3,3.2,1.4,2.0,2.5,2.3,3.0,3.5,4.3,6.3,7.2,6.9,7.4,6.1,6.8,7.1,7.1,7.4,6.4,5.1,5.3,3.6,3.0,2.4,2.4,3.1,2.4,2.5,2.6,2.4,2.5,3.1,3.7,4.7,5.7,5.5,6.4,5.2,7.7,8.5,8.5,9.1,8.4,11.4,11.2,9.1,10.5,11.1,10.5,11.9,9.6,8.6,7.9,7.7,9.1,6.7,5.6,6.7,3.8,3.5,3.2,2.9,3.5,3.6,3.8,3.1
Sko og annet skotøy,2.7,2.2,2.2,2.7,1.2,2.3,1.3,1.8,1.6,2.3,2.2,1.1,1.8,2.7,2.4,2.6,3.2,3.8,4.2,4.3,3.4,3.8,4.3,2.6,-0.7,-1.2,-0.9,-1.4,-2.1,-3.3,-5.4,-2.9,-3.8,-3.7,-4.7,-6.6,-5.5,-6.3,-3.7,-4.6,-5.0,-4.7,-3.8,-7.3,-5.0,-4.9,-3.2,-1.6,-0.5,-2.3,-3.9,-3.4,-1.2,-1.1,-1.1,1.2,-0.1,-0.2,-2.2,-2.5,-0.4,1.3,-1.1,-0.7,-1.3,-2.8,-1.7,-1.4,-0.5,-1.8,-1.2,-2.2,-3.8,-2.7,-0.3,0.6,0.6,-0.6,0.3,-0.9,-1.6,-0.8,0.3,4.1,3.6,2.4,2.2,0.8,2.0,6.8,3.6,5.3,5.3,5.1,4.9,6.1,4.3,7.8,6.3,7.8,6.0,3.8,4.9,5.7,6.7,6.5,3.7,4.4,6.8,4.2,3.5,2.7,2.9,0.1,0.4,0.0,-2.1,-1.1,1.5,-0.6
Små elektriske husholdningsapparater,2.4,1.8,4.1,6.8,5.5,4.6,3.8,3.2,2.6,3.3,2.9,0.7,3.2,2.9,1.3,1.4,3.1,1.8,2.8,2.2,4.9,5.1,4.5,4.5,3.5,5.6,5.4,0.0,0.2,1.2,3.1,3.4,0.5,-1.5,0.1,2.5,1.6,-0.6,0.1,4.8,3.3,3.0,2.9,1.2,2.2,1.1,2.3,3.6,2.0,0.9,4.9,5.6,4.1,4.2,3.1,3.0,2.8,4.9,3.7,3.0,4.3,7.5,5.7,4.7,5.2,6.2,6.0,5.8,6.7,9.0,11.0,7.8,8.3,6.1,2.4,1.9,1.4,2.3,1.3,1.4,-1.8,-3.1,-4.2,-4.6,-2.2,-3.9,1.7,-0.3,1.2,-0.9,1.4,-0.9,1.2,-0.4,4.8,5.7,5.5,9.5,5.0,6.2,6.1,12.5,5.0,13.4,10.5,8.3,4.2,3.5,2.4,-3.5,0.5,-1.1,-1.5,-7.5,-4.5,-4.9,-7.6,-4.1,-3.8,-8.7
Sosiale omsorgstjenester,3.8,3.8,3.8,3.8,3.8,3.8,3.6,3.6,3.6,3.6,3.6,0.7,0.1,0.5,0.5,0.5,0.5,0.5,0.5,0.5,0.5,0.5,0.5,1.9,2.3,1.9,1.9,1.9,1.9,1.9,1.8,1.8,1.8,1.8,1.8,4.2,4.2,4.2,4.2,4.2,4.2,4.2,4.2,4.2,4.2,4.2,4.2,2.3,2.2,2.2,2.2,2.2,2.2,2.2,2.2,2.2,2.2,2.2,2.2,2.9,2.8,2.8,3.2,3.2,3.2,3.2,1.2,1.2,1.2,1.2,1.2,0.9,1.0,1.0,0.6,0.6,0.6,0.6,1.4,1.4,1.4,1.4,1.4,1.0,1.9,1.9,1.9,1.9,1.9,1.9,-2.5,-2.5,-2.5,-2.5,-2.5,-7.0,-7.9,-7.9,-7.9,-7.9,-7.9,-7.9,-9.0,-9.0,-9.0,-9.0,-9.0,-4.1,-4.0,-4.0,-4.0,-4.0,-4.0,-4.0,-17.8,-17.8,-17.8,-17.8,-17.8,-17.0
"Spill, leker og hobbyer",0.5,1.5,2.4,0.8,1.0,1.2,3.6,-1.0,3.0,3.5,2.7,1.9,2.6,2.8,1.8,2.2,1.7,3.8,3.6,5.7,0.4,-2.5,-3.6,-2.9,-5.7,-6.0,-4.9,-4.8,0.3,-1.3,-3.5,-3.4,-4.1,-0.3,2.1,-4.7,3.4,3.7,1.2,0.9,-3.1,-2.9,1.8,3.3,3.5,2.3,2.2,9.7,0.5,0.9,2.0,5.9,1.0,1.2,-2.3,-2.7,4.5,3.2,0.8,5.8,10.9,7.6,10.4,6.9,8.8,7.3,12.9,11.2,1.9,0.3,0.5,0.4,-0.5,-0.5,1.7,0.3,0.4,3.6,0.4,2.2,3.4,5.3,7.4,1.6,2.2,4.9,2.4,2.6,1.6,-1.3,-0.7,0.3,1.1,0.2,1.1,1.3,2.9,3.2,1.4,1.0,4.3,3.5,3.3,1.3,1.8,0.5,1.1,2.2,-1.8,-1.3,-3.3,-2.6,-1.4,-1.9,-0.7,-0.3,0.3,1.9,-0.8,2.6
Større elektriske og ikke-elektriske husholdningsapparater,1.8,1.3,1.8,2.9,2.1,1.3,0.7,1.5,1.4,2.8,2.3,5.9,5.0,5.9,4.8,4.3,4.7,3.7,4.4,2.5,3.5,6.2,5.6,0.6,0.3,-0.2,1.1,0.3,0.4,0.5,1.1,-0.1,-2.6,-4.7,-3.3,-0.8,0.0,-0.4,1.0,1.4,1.0,1.6,0.8,2.3,4.1,3.1,2.7,1.6,1.7,2.1,2.2,1.5,2.8,3.2,3.1,3.2,2.6,2.5,3.4,3.0,3.3,5.1,10.1,11.9,10.0,10.3,10.7,8.5,11.1,10.7,10.0,10.0,8.5,6.6,-0.2,-1.8,0.4,1.1,-1.2,2.4,-2.2,-0.4,-0.6,-1.1,-0.2,-3.1,-0.1,4.8,3.0,0.7,3.4,3.0,10.9,0.6,6.4,10.8,9.2,15.0,13.3,8.9,9.1,13.2,8.8,7.5,0.7,7.2,4.2,1.5,1.2,-2.1,-1.7,-3.1,-2.6,-4.5,2.3,3.8,4.9,1.3,-1.5,-0.1
"Sukker, syltetøy, honning, sjokolade og sukkervarer",6.4,4.5,5.5,3.7,8.1,6.0,5.9,6.3,4.8,3.9,0.6,4.2,4.2,-4.0,5.0,3.3,1.5,1.5,2.7,0.7,1.9,1.7,2.2,0.1,-1.7,7.8,-4.2,0.1,0.7,1.2,-2.8,-2.6,-2.0,-4.2,-0.2,4.8,3.7,0.0,5.4,3.4,3.1,2.2,3.4,5.6,3.6,8.0,7.4,-1.4,1.0,4.3,-0.6,-3.2,-4.4,-2.5,-4.2,-4.8,-4.7,-4.8,-6.1,-0.2,-0.2,-0.7,3.4,3.2,3.2,3.1,4.9,6.2,6.6,5.0,3.7,-1.8,-5.2,-5.6,-6.7,-7.0,-7.5,-9.4,-7.9,-8.9,-9.2,-8.6,-5.8,-2.6,-0.3,-2.0,-1.4,1.0,3.7,7.7,7.8,7.5,10.0,5.9,5.5,9.1,5.3,2.1,6.1,10.1,10.3,7.0,7.7,7.3,6.2,9.2,8.3,6.3,3.2,6.6,10.4,3.5,2.9,8.1,7.9,4.3,7.8,8.3,6.2,8.8
Tannhelsetjenester,4.8,4.8,4.8,4.8,4.8,4.8,4.1,4.1,4.1,4.1,4.1,2.5,2.5,2.5,2.5,2.5,2.5,2.5,1.4,1.4,1.4,1.4,1.4,1.3,1.3,1.3,1.3,1.3,1.3,1.3,1.0,1.0,1.0,1.0,1.0,1.5,1.5,1.5,1.5,1.5,1.5,1.5,1.7,1.7,1.7,1.7,1.7,1.7,1.7,1.7,1.7,1.7,1.7,1.7,7.9,7.9,7.9,7.9,7.9,8.8,8.8,8.8,9.1,9.1,9.1,9.1,3.1,3.1,3.1,3.1,3.1,1.6,5.9,5.9,5.5,6.0,6.0,6.0,5.3,5.3,5.3,5.8,5.8,5.8,3.6,3.6,3.6,4.1,4.1,4.1,4.6,4.6,4.6,4.8,4.8,4.8,5.7,5.7,5.7,4.7,4.7,4.7,5.1,5.1,5.1,4.5,4.5,4.5,5.2,5.2,5.2,5.2,5.2,5.2,5.0,5.0,5.0,5.0,5.0,5.0
Teletjenester,-2.0,-1.9,-1.1,-1.1,-3.1,-3.1,-2.2,-2.2,-1.3,-1.3,0.3,0.3,3.2,3.1,2.3,2.3,3.6,3.6,2.5,2.4,1.8,1.8,1.8,1.8,1.4,1.4,0.2,0.2,0.3,0.3,1.9,2.0,1.9,1.9,1.9,1.9,1.7,1.7,3.1,3.1,2.1,2.1,1.1,1.1,0.9,0.9,0.5,0.5,0.8,0.9,2.5,2.5,2.2,2.2,3.7,3.7,6.3,6.3,6.9,7.0,6.8,6.7,5.7,5.7,5.4,5.4,5.2,5.2,2.5,2.5,2.1,2.1,1.5,1.5,1.5,1.5,2.3,2.3,0.8,0.8,0.8,0.8,1.0,1.0,1.7,1.7,0.9,1.0,0.3,0.4,1.5,1.5,3.1,3.1,5.2,5.4,5.6,5.6,5.8,5.8,6.5,6.4,5.1,5.1,6.3,6.3,2.6,2.5,2.4,2.4,2.8,2.8,3.3,3.3,3.5,3.5,2.6,2.6,6.1,6.0
Teleutstyr,3.4,11.8,12.1,16.5,15.3,15.4,14.0,22.4,27.9,28.1,25.8,25.8,22.8,15.8,14.7,12.3,14.0,13.9,16.0,8.1,4.3,5.1,8.1,5.6,4.8,3.0,2.2,-2.3,-2.3,-2.5,-4.1,-5.9,-7.4,-9.2,-9.0,-8.4,-8.3,-8.0,-4.8,-3.2,-3.1,-2.0,-2.0,-0.3,0.1,-0.3,0.9,3.0,0.1,1.1,1.9,4.4,4.3,3.0,2.8,-0.1,2.9,4.6,3.1,2.8,6.4,2.9,3.6,1.9,0.4,3.7,3.3,7.9,6.2,3.7,4.6,3.9,3.4,4.8,2.5,1.4,3.2,0.5,1.1,0.6,-0.6,-0.5,-2.1,-2.0,-0.6,-1.7,-3.1,-5.2,-5.3,-3.4,-1.7,-0.4,0.2,-2.3,5.2,2.2,3.5,5.8,8.7,11.7,11.9,10.9,5.9,6.8,2.7,4.9,1.6,3.7,-1.1,-1.1,-4.9,-6.3,-8.9,-8.4,-3.4,-10.5,-4.1,-3.4,-3.1,-6.8
Tjenester knyttet til vedlikehold og reparasjon av bolig,3.7,3.8,3.8,3.8,3.8,3.8,3.8,3.1,3.1,3.1,1.5,1.5,1.5,1.3,1.3,1.3,1.0,1.0,1.0,1.6,1.6,1.6,2.3,2.3,2.3,2.1,2.1,2.1,3.2,3.2,3.2,1.3,1.3,1.3,2.5,2.5,2.5,5.9,5.9,5.9,2.8,2.8,2.8,4.8,4.8,4.8,2.9,2.9,2.9,-1.0,-1.0,-1.0,0.7,0.7,0.7,3.2,3.2,3.2,2.7,2.7,2.7,2.5,2.5,2.8,2.6,2.6,5.7,2.1,2.1,1.7,2.0,2.0,0.8,1.7,1.7,3.0,3.0,3.0,2.3,2.3,2.3,3.4,3.4,3.4,3.1,3.1,3.1,2.3,2.3,2.3,2.7,2.7,2.7,3.1,3.1,3.1,4.4,4.4,4.4,4.2,4.2,4.2,4.7,4.7,4.7,3.0,3.0,3.0,3.1,3.1,3.1,4.8,4.8,4.8,3.2,3.2,3.2,3.6,3.6,3.6
Tobakk,5.0,4.7,4.7,4.8,4.8,4.9,4.8,4.9,4.9,4.7,4.4,4.4,4.8,4.7,4.9,4.8,4.7,5.0,5.2,5.1,5.2,5.3,5.3,4.6,5.2,5.1,4.8,4.7,4.7,4.4,4.5,4.5,4.2,4.1,4.4,4.1,2.7,2.5,2.6,2.6,2.7,2.9,2.7,2.6,2.8,2.9,2.7,2.5,3.6,3.8,3.8,3.8,3.6,3.3,3.2,3.3,3.3,3.2,3.2,3.4,3.5,3.0,2.5,2.1,1.5,2.3,2.3,1.6,1.6,1.8,1.8,-2.3,-4.4,-4.6,-4.1,-3.8,-3.3,-3.9,-3.8,-3.7,-3.6,-3.6,-3.6,2.8,4.3,5.0,5.0,5.1,5.5,6.0,6.1,7.7,8.3,8.1,8.2,5.9,5.5,5.0,6.1,6.9,6.5,6.4,6.5,5.2,4.9,4.8,4.5,4.8,6.6,7.2,5.8,5.3,5.8,5.6,5.5,5.6,5.4,5.5,6.6,7.9
"Utstyr til sport, camping og friluftsliv",1.5,4.5,5.4,5.7,3.5,0.3,-0.8,-0.6,0.6,1.5,0.1,1.3,2.1,1.5,3.0,1.7,1.7,2.0,2.8,3.2,0.8,0.6,2.7,2.2,1.7,-0.3,-1.5,-0.2,-0.1,2.0,2.5,1.3,1.7,2.3,-0.6,-1.7,-1.5,0.9,-0.1,0.4,-1.1,-1.6,-3.3,-2.9,-1.6,-3.8,-1.1,-0.1,0.2,0.1,0.6,-0.3,-0.5,-0.2,-0.1,-0.4,-1.8,0.4,-1.2,-1.0,-1.8,-3.0,-1.6,-1.7,-1.1,-1.1,1.3,0.2,1.0,0.6,1.4,1.1,2.2,4.2,4.6,2.3,3.7,1.2,0.4,1.5,3.9,3.7,2.4,2.4,2.7,1.3,1.7,2.7,1.8,2.7,1.2,1.5,1.9,-2.0,1.0,0.4,-2.2,-2.7,-2.6,-0.5,-0.7,3.9,1.8,2.2,1.6,4.0,1.3,2.5,4.9,5.0,4.5,2.5,3.1,-1.8,1.0,3.6,1.4,3.5,3.1,3.3
Vedlikehold og reparasjon på verksted,3.0,2.5,2.6,2.7,3.0,3.0,3.1,3.0,3.6,3.5,3.5,3.5,3.7,3.7,3.6,3.3,3.0,2.9,2.5,3.6,3.6,2.6,2.7,2.0,2.3,2.0,1.9,2.2,2.3,2.2,2.4,1.7,0.9,1.7,1.5,2.7,2.0,2.3,2.0,2.0,2.0,2.4,2.2,2.1,2.0,1.6,2.0,1.6,2.1,2.3,2.6,2.7,2.6,2.1,2.1,2.7,3.6,3.9,3.6,3.3,2.8,2.3,2.7,3.6,3.9,3.6,3.5,3.2,2.6,2.8,3.0,2.9,2.9,3.2,4.3,2.6,2.7,3.1,3.1,2.9,2.8,3.4,3.0,3.6,4.3,4.2,3.0,3.8,4.0,4.3,4.8,5.3,6.5,6.8,7.4,7.8,7.7,7.7,7.9,8.8,8.8,8.9,8.9,8.9,8.7,7.3,6.8,6.9,6.9,6.9,7.1,6.3,5.8,5.2,5.1,5.3,4.7,5.1,5.1,5.1
Vin,2.1,2.1,2.1,2.5,2.5,2.5,2.5,2.8,2.8,2.8,2.8,3.5,3.5,3.5,3.5,3.2,3.2,3.2,3.2,3.0,3.0,3.0,3.0,1.8,1.8,1.8,1.8,1.3,1.3,1.3,1.3,1.5,1.5,1.5,1.5,1.5,1.5,1.5,1.5,2.5,2.5,2.5,2.5,2.0,2.0,2.0,2.0,2.4,2.4,2.4,2.4,2.0,2.0,2.0,2.0,2.1,2.1,2.1,2.1,2.8,2.8,2.8,2.8,5.3,5.3,5.3,5.3,5.5,5.5,5.5,5.5,1.5,1.5,1.5,1.5,-1.4,-1.4,-1.4,-1.4,-1.4,-1.4,-1.4,-1.4,1.8,1.8,1.8,1.8,2.7,2.7,2.7,2.7,3.2,3.2,3.2,3.2,4.1,4.1,4.1,4.1,5.1,5.1,5.1,5.1,5.5,5.5,5.4,5.4,5.6,5.6,5.6,5.6,4.1,4.1,4.0,4.0,3.1,3.1,3.2,3.2,2.0
Øl,2.6,0.0,1.4,1.8,1.5,-1.7,0.1,2.1,1.3,2.4,2.0,2.6,4.3,2.1,2.5,0.5,1.2,1.3,1.0,0.0,1.1,0.6,-1.7,-2.2,-4.0,-1.2,-2.1,-0.6,-1.2,-0.5,-1.0,-0.8,-1.7,-1.6,0.4,-0.1,0.3,0.4,1.0,0.7,0.7,1.5,1.8,2.7,3.0,3.3,3.5,2.7,3.3,3.0,2.9,2.9,3.0,2.1,1.9,2.1,2.1,2.0,1.8,2.7,1.9,1.8,1.9,2.9,2.5,1.9,2.4,2.0,2.0,2.0,2.1,-1.7,-1.6,-0.9,-1.1,-1.8,-1.8,-2.1,-2.1,-2.3,-2.5,-2.6,-2.6,0.7,1.2,1.1,1.3,1.1,1.5,3.1,3.3,4.4,4.9,4.8,4.5,5.6,3.9,3.7,5.4,6.3,6.1,5.1,4.9,4.3,4.2,4.3,4.3,3.9,4.0,3.9,3.0,1.8,1.9,1.8,1.4,0.1,0.7,1.2,1.4,2.4
